order_id,email,amount,status,confidence,payment_id
1,user1@test.com,1099,matched,1.0,pi_3TJgPHCyHXyOkwWl1OunDkE9
2,user2@test.com,1299,matched,1.0,pi_3TJgPICyHXyOkwWl0mHYvQaf
3,user3@test.com,999,matched,1.0,pi_3TJgPJCyHXyOkwWl1HrOhrdJ
4,user4@test.com,1599,matched,1.0,pi_3TJgPKCyHXyOkwWl1Vokrcmh
5,user5@test.com,2099,amount_mismatch,0.8,pi_3TJgPLCyHXyOkwWl0hPNO1cB
6,user6@test.com,1899,matched,1.0,pi_3TJgPMCyHXyOkwWl0923DCpo
7,user7@test.com,999,matched,1.0,pi_3TJgPNCyHXyOkwWl1I1YujSB
8,user8@test.com,1499,matched,1.0,pi_3TJgPOCyHXyOkwWl1q4vdGZ7
9,user9@test.com,1799,matched,1.0,pi_3TJgPQCyHXyOkwWl0TauGfM9
10,user10@test.com,1099,matched,1.0,pi_3TJgPQCyHXyOkwWl1YhqFrUO
11,user11@test.com,1399,matched,1.0,pi_3TJgPSCyHXyOkwWl1iwnDtG2
12,user12@test.com,1199,matched,1.0,pi_3TJgPTCyHXyOkwWl1qB49YCE
13,user13@test.com,1599,amount_mismatch,0.8,pi_3TJgPUCyHXyOkwWl10Ozu5wK
14,user14@test.com,999,amount_mismatch,0.8,pi_3TJgPVCyHXyOkwWl1u68Go2F
15,user15@test.com,2099,amount_mismatch,0.8,pi_3TJgPWCyHXyOkwWl0mUWSpLf
16,user16@test.com,1899,matched,1.0,pi_3TJgPXCyHXyOkwWl0jYQ3Vlx
17,user17@test.com,1299,matched,1.0,pi_3TJgPYCyHXyOkwWl1XHD9Yg2
18,user18@test.com,1499,amount_mismatch,0.8,pi_3TJgPZCyHXyOkwWl0cVO786x
19,user19@test.com,999,matched,1.0,pi_3TJgPaCyHXyOkwWl01LEOfyk
20,user20@test.com,1099,matched,1.0,pi_3TJgPbCyHXyOkwWl0LhqFTcM
